id,text,label
0,year obamas ideology shithole country,hateful
3,queue fuck retard feel fcfs fucksake,hateful
9,bitter cunt arsenal player player fod sell,hateful
11,child refugee,hateful
12,negro default,hateful
16,benefit illegal alien ary work illegally,hateful
21,economic asylum isnut thing ucmy country shithole asylum,hateful
23,leave week twat nut,normal
29,club report left retard babyu,hateful
33,matter hard retard math,hateful
36,swear boyfriend partially retard time,hateful
38,retard leader paper tiger,hateful
39,sell dvd hahahaha shop gon hate woman counter mongy cunt deseru,hateful
51,dodamage slogan unbelievably stupid itus offenseus goal damage mongoloid boston,hateful
55,grandma faggot today low,hateful
57,pen fuck cunt win game fact,hateful
59,rot shithole chose country,hateful
62,babe dirty jew,hateful
65,pretty dick faggot beat reality check shit,hateful
69,fat mongy mess today,hateful
71,fuck ching chong siopao dimsum shit question understand vague,hateful
72,style dirty spic munch asshole shame,hateful
77,liberal threaten spic deport support,normal
84,ham fan fuck retard,hateful
93,certify retard,hateful
94,fuck retard,hateful
98,retard,hateful
101,damn retard,hateful
103,yuall nigga gay hella faggot shit,hateful
115,feminazis roll fraud,hateful
118,spic polach,hateful
120,feminist fat twat,hateful
127,exam collage fuck mongy place cheeky pay rise,hateful
128,love negro,hateful
132,mind negro open mind screen door impressive carterv,hateful
133,skip shithole city,hateful
138,bonge retard,hateful
144,lil correct fuck retard ium lose cell,hateful
155,chait retard,hateful
158,hurry faggot,hateful
159,white wassup nigger video nigger,hateful
161,dodge wager shitter gig retard bruise dad,hateful
170,sick face news feed cunt,hateful
173,faggot clap cheek nigga,hateful
174,sloth mongy cunt,hateful
176,tag denilson spic,hateful
180,place shithole countriesud,hateful
190,soulless fuck twat,hateful
203,series machado faggot insult,hateful
205,sort thing shithole country,hateful
206,absolute twat reason told deserve gay bash juu,hateful
207,fatlus mainstream nigger,hateful
212,baby told beautiful bare face nigger twist,hateful
218,force deal retard people everyday,hateful
219,faggot,hateful
225,decide race caucasoid australoid mongoloid race intermediu,hateful
238,speak hazara mongol people ethnic genetical,hateful
239,coat,normal
246,word retard derogatory sense piece shit,hateful
256,retard disturbed lunaticn throw ocean brick tie ankle food,hateful
261,support sanctuary city criminal illegal alien credibility governor ameri,hateful
268,trudeau promising continue refugee,normal
272,follow retweet win faggot,hateful
285,cunt level intelligence semi retard point,hateful
286,time awful cunt,hateful
292,fox debate foulest shithole,hateful
293,ugly retard stupid piece shit flame faggot kill,hateful
296,break news dyke drought increase rapidly day suspicious entity read,normal
298,trailer curse llorona wetback spic watch trash,hateful
302,hate people hate hate fuck retard,hateful
304,prove negro,hateful
306,suspicion upstairs chinaman neighbor feign mental illness year ago slam gate,hateful
310,surprised retard president,hateful
318,ninja shyper aka toxic ching chong bing chat,hateful
326,fuck mongy cunt,hateful
329,real spic,normal
330,secure border protect citizen illegal alien,normal
331,captain repping ium retard support troop,hateful
338,pretty iphone stand retard,hateful
341,feminazi listen single word pathetic hop,hateful
343,iull mongy cunt,hateful
346,big boy block terf derogatory term faggot,hateful
347,dream faceless troll retard,hateful
352,cunt smash phone hand night,hateful
353,fuck faggot,hateful
358,cracker daddy cunt pedophile ndie slow fuckin toe rag,hateful
362,shit realize earlier phrase white fisher price version word,hateful
370,gut stand retard,hateful
376,high pitch ching chong,hateful
378,angry cunt,hateful
381,camerroonians celebrity people surely shout retard,hateful
382,hey follower country shithole political sense vote ium high pain killer,hateful
389,faggot fuck,hateful
397,bombing shoot president mental capacity flea united state real shithole country,hateful
398,answer phone faggot fuck,hateful
401,aye offense faggot faggot,hateful
405,stand meanspirited nigger,hateful
416,immigrant care chinatown strathcona,normal
417,fuck retard flirt girlfriend matu,hateful
419,retard special class,hateful
420,update manny machado twat,hateful
426,faggot cap,hateful
431,mongy humour,hateful
443,fuck raghead cunt,hateful
448,spineless twat criticize country mirgranthoardes woman rap streu,hateful
451,politically correct mam fuck retard,hateful
453,ethnic nationalist constitution retard,hateful
455,bts performs kpop songnantis people idolize ching chong group unu,hateful
465,romano gay battle title ucworst faggotud,hateful
470,kick altright retard ball free shot,hateful
472,sigh finally ching chong,hateful
475,tranquilo mongol,hateful
491,shithole country caravan country,hateful
492,awful nah read fellaini repping cunt dick love foru,hateful
504,gon steeres mongoloid,hateful
508,lmfaoo luk dyke,hateful
509,bin tinder fed mongy woman match loose voice uddude,hateful
511,photo voter suppression basic standard usa shithole country,hateful
515,wear retard,hateful
522,crazy spic dust universe,hateful
529,big sleepy twat,hateful
531,cringe steal people vernacular unoriginal faggot,hateful
534,stream men opinion cunt,hateful
536,leitung literal fuck retard people follow hate popular thing follow,hateful
537,chinaman white smoking,hateful
550,people ching chong insult asian lmfao yall stupid,hateful
554,post single dyke god good ready shitposts hey hope notifs ily,hateful
556,faggot dick hard dance,hateful
558,dirtiest chinaman criminal hsien loong incite racial hatred malaysianu,hateful
560,outdated retard gop mentality paranoid idea brainwash citizen visceu,hateful
566,true retard cousin family,hateful
570,fuck monster boro fan frighten deffo water inbred smoggy mongy wanker,hateful
572,cunt haunt hill house,hateful
575,fact ritreans disguise refugee coast coast europe,hateful
587,dogeater ching chong yelle,hateful
589,anti hacker fat bitter cunt,hateful
592,ubirminghamu accent people associate rest black country shithole midland giviu,hateful
594,pittsburghshooting absolute racist twat deserve airu,hateful
599,lmaoooo armo spic,hateful
600,mongol,hateful
601,woman support sexual predator power cunt mascot oppression,hateful
603,listen asiactic mongol euro trash fau,hateful
612,mongoloid monkey rest,hateful
623,asian bitch ching chong,hateful
628,hate people socialize fuck rude breathing faggot piece shit,hateful
633,benitez useless cunt,hateful
635,shithole democratnaziparty,hateful
638,banter codeword cunt,hateful
641,honesty imagine image faggot dumb cuck talk girl,hateful
643,spasctic martial changin acownt bercuz sad raghead poof,hateful
645,fuck okacamera fuck retard,hateful
647,yall papa commercial tryna forgot founder nigger,hateful
649,wasnut mongy sell suppose heus main manu,hateful
650,good faggot,hateful
651,tighten immigration lawsprevent immigration shithole country usa whilst hau,hateful
652,shush nigger,hateful
653,class mongy cunt decision,hateful
658,change shithole country flee mayu,hateful
663,sothe black chinaman,hateful
667,negro negro sry,hateful
673,dipshit atleast apologizes low esteem cunt catu,hateful
674,stick twat dad responsible violence promotes phony daughter eat bowl dick,hateful
676,faggot ged education helpful read quick funny,hateful
686,retard kick,hateful
691,gttella outta mongoloid,hateful
696,retard political goon uddude fake propaganda people reject desperatu,hateful
700,hate customer dis talk ching chong,hateful
703,scoreboard goddamn retard grade math,hateful
708,true race caucasoid white mongoloid asian negroid black allu,hateful
709,nice mob angry feminazi democratic woman stand decent conservative,hateful
714,dad judge privileged twat,hateful
716,ching ching chong chong dookie dookie,hateful
717,fuck nfl fuck usa great hand knock retard imentu,hateful
733,twat gon twat,hateful
736,genuine consensus todayus game fuck smash naismithus twat,hateful
749,dick dyke thought,hateful
762,haha ching chong butt hurt baby powder mom,hateful
772,accord study huge cunt,hateful
776,parasite shithole country stay shithole countrie,hateful
778,white people nigger,hateful
784,floppy eared dog girl ear fall gay retard cancer dog,hateful
786,ium gundy ium twat mullet hasnut shit,hateful
794,mind negro open mind screen door nah birdman mightve point,hateful
797,brexit cunt trick strap vest kid blow,hateful
800,sound shithole country,hateful
804,picture ching chong eat dog lmfaoo,hateful
805,female retard nigga,hateful
811,cape town attire highly,normal
813,clockwork white liberal applaud diplomatic magic negro,hateful
814,orthodox spin dull leggie chinaman spinner overrate,hateful
815,today sling day life shithole country pgh,hateful
823,illegal organ harvest rampant refugee main target middleeast,hateful
827,shameful mother raise retard,hateful
831,sign sexy dreamy cunt,hateful
835,surprised party movie kind plot raghead placu,hateful
837,shut faggot,hateful
847,boy child slave unfunny spic beaner titty suck unfunny gook,hateful
858,potato potato ching chong tomato,hateful
872,dirty jew,hateful
875,mad ching chong dirty cheater defend team,hateful
878,bloody great migrant problem rapidly shithole europe cunt,hateful
886,zealot left criminal leftist domesticu,hateful
895,fuck retard lmfao,hateful
896,suspicion upstairs chinaman neighbor feign mental illness year ago slam,hateful
898,kpop stans purple dyed hair cosplay today pull eye yell ching chong country,hateful
901,alicen real life retard swear funny,hateful
905,wake miggs fuck retard,hateful
907,post war refugee logic,normal
921,mongol mouth,hateful
928,dyke sister drag tsr comment,hateful
938,spawn dumbass retard,hateful
940,casually fantastic realistic recovery abusive woman bad abusive men shameful,hateful
943,yakuza taught hate men gon kick shit fucker cunt,hateful
946,talk fact retard parent check sanity,hateful
959,fuck game gay retard,hateful
971,ching chong dude suddenly campus,hateful
986,spic message friend curious cat gon beat,hateful
999,literal twat hey justify twitchcon tou,hateful
1004,retard censor,hateful
1009,daft lad mongy mate,hateful
1012,joo white promotes gtwhitelt supremacy,hateful
1015,lmfao deserve suppose toughen nigger,hateful
1022,shausha mongol,hateful
1024,expect expire country shithole fantastically corrupt biafra natiou,hateful
1037,spic fuck wetback,hateful
1044,nigger slave worth code,hateful
1047,banturds bad mass murderer retard,hateful
1049,twat sadly sound believably word surelu,hateful
1055,donut forget buy stream mono,normal
1061,flower faggot weighs pound life college dorm refrigerator,hateful
1065,fuck mongoloid protection fuck fau,hateful
1079,imagine birth nigger,hateful
1080,attention shithole country nice,hateful
1082,dear ching chong longs expect react,hateful
1084,nigga half retard god caption box fruit loop,hateful
1091,god faggot,hateful
1095,literally ding ditch year faggot crack apparel,hateful
1111,walk faggot walk personal cellu,hateful
1112,blunt cunt rhyme reason bitch,hateful
1113,record muslim immigrant shithole country,hateful
1119,talk shithole country comment uddude,hateful
1123,black metal poetry daynni virgin cunt spawn snakenni witness tribe judah reducu,hateful
1124,heus maga republican moronic twat,hateful
1136,retard friend real life nice life,hateful
1138,fuck negro,hateful
1146,faggot upset,hateful
1154,spic gangsta,hateful
1164,half nigger cracker bitch,hateful
1169,faggot tranny trans gay,hateful
1174,gon ucshut spicud,hateful
1178,pathetic bully child nerve retard,hateful
1189,donut word dyke faggot,hateful
1193,hoe retard,hateful
1200,girl spic gon fuckin swing,hateful
1208,raghead freak people vote evil,hateful
1211,lose phone retard sendoff worry baffle people whu,hateful
1214,daft bintnnlike ardent leftist suck matter violates loftu,hateful
1219,retard fuck,hateful
1220,guess ragheadtrump president,hateful
1233,brother faggot coward,hateful
1236,fact shithole countri,hateful
1237,point tryed qualify mongol,hateful
1238,shithole country,hateful
1245,sorryi speak pong ching chong sushi chong,hateful
1246,deff nigger wine,hateful
1247,bad thing inggituh crazy mongoloid abnormalnwhy touch thief myu,hateful
1251,fuck stupid cunt,hateful
1252,job cut welfare illegal alien,hateful
1257,gay masc hat fems gay gon faggot,hateful
1262,time fuck spic country,hateful
1264,admit twat leader snp,hateful
1270,ching chong boy jailbreak title stretch video minute extra revenue,hateful
1274,fuck doe fanbase retard,hateful
1283,bieberi ching chong nippon,hateful
1286,abysmaln hope trumpsshithole country forgot love,hateful
1287,walk twat,hateful
1288,group high school boy drove slow passenger yell ching chong whu,hateful
1290,visan glad finally shithole country donut understand people live baru,hateful
1297,require level nigger,hateful
1307,funny retard,hateful
1311,boy cool soft mate faggot,hateful
1314,year faggot simulation glitching,hateful
1325,iull proper mongy,hateful
1327,dyke,normal
1334,waitress story arrest assault dope bus insist word faggot,hateful
1335,photo dyke spic spat face broke arm,hateful
1343,absolute mongoloid rehatching drama sake view,hateful
1351,extri spic,hateful
1355,retard cunt logistics app,hateful
1364,cunt embarrassment club,hateful
1366,mongoloid order dozen donut sell craft coffee,hateful
1370,fast forward unfunny twat,hateful
1374,kike ucdirty jewud campaign hateful rhetoric hau,hateful
1375,ium retard,hateful
1386,allegation feminazi brainwashing context,hateful
1390,leftist large terrorist attempt nnbutu,hateful
1399,collab decay negro,hateful
1412,yeap spic wet,hateful
1415,hellbent ching chong communist oppress,hateful
1419,word shithole state shithole country,hateful
1438,tucker mongoloid,hateful
1441,group message basically retard dodger fan simple,hateful
1442,game glitched cunt complete challenge time count,hateful
1443,mongy,hateful
1461,spic,hateful
1471,ban desinger retard,hateful
1475,answer question faggot,hateful
1485,people living shithole country throw stone tree life synagogue,hateful
1490,demo retard,hateful
1492,wtf shithole country collapse destroy myu,hateful
1495,mongoloidus response point attempt president,hateful
1498,night drinking feel fine morning cunt,hateful
1501,heud dirty spic hair blonde,hateful
1505,men democrat illegal alien terrorist,hateful
1506,hey cupcake shooter terrorist extremist leftist anti trumper anti thought,hateful
1507,uneducated spic,hateful
1518,everytime train cunt sat reserve seat,hateful
1521,soberanalysis nshould viralnmsm retard,hateful
1527,ninja literally retard,hateful
1531,support crackdown illegal immigrant numerous reason wall anyt,hateful
1532,people shithole country rapist murderer vehemently state miu,hateful
1538,typical liberal party tolerance woman black illegal alien whateve,hateful
1541,nigga beat duke dyke girlfriend testosterone,hateful
1550,secret main white girl nigger,hateful
1553,today ridiculously vapid intolerant cuntradiction brought letter ascendertransitiou,hateful
1556,literally heard worker cuss boyfriend phone uca retard fat fuckud,hateful
1561,verbal abuse night fuck freak faggot ugly face,hateful
1562,area weak personally ching chong crazy access orange chicken regularly,hateful
1563,hey thought hat retard,hateful
1568,negro wake,hateful
1571,thought baby boy heus cool guitar pero vocal hinde mongoloid siya,hateful
1584,aggression sheus giant twat,hateful
1589,pretty fat cunt shoe,hateful
1591,pier fuck faggot point laugh,hateful
1592,bang twat,hateful
1593,send refugee send illegal alixns hostile peop,hateful
1595,exo fuck nigger life left,hateful
1603,synagogue fault arm place worship guard retard,hateful
1607,remember drink gamble responsibly twat,hateful
1611,literally minute vote twat farage good morning thing lie,hateful
1612,dis dyke finna brutalize,hateful
1615,gtrders ching chongn item held custom await presentation custom commissioneu,hateful
1624,yep bias twatter turd white female muslim convert bint,hateful
1625,irony unwashed fan soup rud remember,hateful
1627,retweet comment reply quit faggot fuck reply,hateful
1628,unrestricted immigration doe people turn country shithole,hateful
1633,nigger,hateful
1637,semi ching chong,hateful
1645,wow real driver issue uber retard time,hateful
1647,watch twitch care retard child hand gon,hateful
1648,darlin spic inglish,hateful
1659,impossible nightmare feminazi,hateful
1660,agree illegal alien deport kavanaugh,hateful
1662,aggressive girl fuck mongoloid,hateful
1663,drunk cunt,hateful
1668,remember dude stranger retard joke,hateful
1670,good luck semi day hibs cunt,hateful
1674,bra crush girl crush kid heus retard,hateful
1677,socialist healthcareud retard,hateful
1685,good jewish lawyer money dothis nigga retard dumpy hoe,hateful
1687,retard body language gesture respect,hateful
1693,target jew medium banker zognthis faggot kill barista jew accomplish,hateful
1698,peel monkey style faggot,hateful
1706,insert ching chong pong meme surname pronounce,hateful
1708,nigger chest block meike bitch,hateful
1711,fuck dumbass bitch stupid idiot fuck crap load bullshit useless cunt headass asshole,hateful
1724,ium grateful country wasnut savage left shithole,hateful
1725,follower nnim shit damn bit rid kastogie raghead reporter,hateful
1734,point nigger,hateful
1738,doe limited edition limited fortnitemares mongoloid lmao,hateful
1742,sign true cut grass spic lmao,hateful
1744,faggot dodger,hateful
1754,short notice retard picked upu,hateful
1755,mongoloid lot imbecilic punch iuu,hateful
1763,suck dick good fuck big retard ldlc suddenly,hateful
1764,timer start faggot,hateful
1772,fuckin mongoloid fuckin tap god damn double barrel shotty fuck,hateful
1773,country tourist control economy,hateful
1774,question retard answer,hateful
1775,block absolute mongoloid,hateful
1776,listen shit lil spic sing lyric,hateful
1779,cunt word dead set cunt,hateful
1782,fullblown retard corner,hateful
1783,turn violent shithole country,hateful
1786,great president nigger faggot white house suck dick liberal jerk,hateful
1787,people literally dumbass cunt shit,hateful
1789,white nigger,hateful
1794,hate cunt planet swear,hateful
1798,picture person mongoloid,hateful
1801,fck retard remotely fuck disgrace,hateful
1805,hate photo tho report harder mongy chop iull open account,hateful
1810,disrespect flag nigger,hateful
1814,stick rag round head shut cunt bad weuve endure shite year,hateful
1820,uche insipiyah artist dance grave ching chong bing bongud uddude,hateful
1824,people shithole country,hateful
1827,cuz people flee shithole countrie pack check twu,hateful
1829,live terrorist country head shithole list environmental policiesu,hateful
1832,lardio nigger,hateful
1833,swear white people fuck retard,hateful
1837,people word ucmongoud sound funny itus short ucmongoloidud realu,hateful
1841,shut negro,hateful
1854,intelligent time retard intelliu,hateful
1856,sad cunt,hateful
1859,haha retard definition,hateful
1860,bring disease,normal
1861,buncha people shithole country bring economy free healthcare,hateful
1865,decency left shithole country stick hand,hateful
1870,faggot adxmant,hateful
1881,twat left stopstop whatdefeating electionstop cancel,hateful
1883,kind person hear illegal immigrant,hateful
1895,delete account horrible twat,hateful
1897,border trash,hateful
1898,shit play spic pot head,hateful
1903,faggot fuck hate change disgust diaper,hateful
1907,retard epic thought monster good idea,hateful
1911,picture faggot,hateful
1912,illegal alien voting demsloose power,hateful
1916,country parent birth shithole,hateful
1917,fck ching chong pop dude life sing,hateful
1923,jail hunt defenseless animal,hateful
1934,white person word spic handle rtd timeline earlier,hateful
1936,retweet buzzfeed news pretend retard hey good bitmy bit sameu,hateful
1938,lexi drug behaving faggot,hateful
1941,lock refugee offshore detention centre year barbaric involve suffer cruelty,hateful
1945,ehh faggot care,hateful
1953,official create sanctuary city illegal alien held responsible criminal,hateful
1955,shit watch lock faggot word victoryroyale,hateful
1973,dirty jew house sell,hateful
1974,loom band faggot culture,hateful
1977,fuck watch baseball fuck retard lot stupid shit,hateful
1983,dyke finna dicked fine day,hateful
1991,sexually assault illegal alien dreamer confirm kavenaughnow friend,hateful
1998,dva eat stuff kill retard bad,hateful
2004,toddler illegal alien parent broke law dummy left white,hateful
2005,flag shithole country flee,hateful
2009,country raghead,hateful
2010,work turn military state shithole country military ouu,hateful
2012,horrible twat unfollow,hateful
2013,translates twat,hateful
2021,fuck truck retard,hateful
2022,low spic false flag high paint hair head,hateful
2025,grow daft twat,hateful
2035,retard people study syndrome,hateful
2036,safe path refugee refugee,normal
2039,argue twat wear scouter funny innit,hateful
2041,majority european favor refugee disapprove handle issue,hateful
2045,bing ching chong asian,hateful
2055,shithole country respect order shithole nation,hateful
2061,prepare manny lil mama machadoyou punk lil mama,hateful
2065,good job performance countryus shithole medium,hateful
2069,brown hand arse plate plastic twat,hateful
2077,awful faggot homophobe,hateful
2078,mongoloid fuck year crack real fuck,hateful
2080,fuck zombie apocalypse gon happen nim worried thick cunt apocalypse,hateful
2087,bitch crazy retard,hateful
2092,energy faggot reply negativity,hateful
2093,god californian unstable shithole counu,hateful
2103,suck white yall word nigger nigga yall,hateful
2111,retard face doxxing disdain jws,hateful
2112,ion faggot likin suck dick,hateful
2134,faggot gym sox fan heus retard,hateful
2135,imagine president simple academic qualification country shithole lie,hateful
2150,mental retard,hateful
2168,spineless twat,hateful
2175,war offensive speech retard counterproductive war drug tend cou,hateful
2184,live economical shithole murderous control drug cartel ciu,hateful
2192,illegal alien voting election,hateful
2193,answer retard question hurt wigu,hateful
2204,clock cunt insomnia donut poke bear today,hateful
2207,bout send people fine people shithole country,hateful
2208,negro bar idk,hateful
2209,fail condemn actively promote bigotry term shithole country ring,hateful
2214,true care illegal alien muslim,hateful
2220,mid smelly psy blk mom send retard blk kid goon car night sleepni camera nnreport,hateful
2223,ching chong ding,hateful
2234,twat series great gain lot game watch,hateful
2239,spic idiot,hateful
2244,negro batshit crazyfor spending money redesign maga hat cuz aestheti,hateful
2245,civilize country people arm safe usa shithole lookingu,hateful
2248,faggot cunt,hateful
2256,tpain comedy negro funny bruh,hateful
2261,twat add bean degenerate,hateful
2262,gon hand faggot,hateful
2266,country immigrant mix immigrant family,hateful
2270,cousin news yuall mongoloid baby boy,hateful
2273,ching chong nip nong,hateful
2298,yup asylum seek immigrant people shithole country problemnnyup nnthey sureu,hateful
2302,drunk retard high retard win battle,hateful
2303,regret beat shit feminazis alisonhrabar,hateful
2305,toxic feminazi men rapist movement start answer questio,hateful
2307,offense deadass heterosexual heard faggot life,hateful
2310,notice friend point spic,hateful
2311,antigay retard,hateful
2317,iconic factual thing slothy cunt time filthy aniu,hateful
2325,deport raghead,hateful
2332,shut fuck fuckin furry faggot,hateful
2335,faggot forget,hateful
2343,bower muslim medium leftist woman refuge wait,hateful
2345,retard hobbitni ntheendless frightclub,hateful
2350,encourage yuall work ucause retard bad thing anytime,hateful
2352,bloody psychopath resign country,hateful
2355,twat,hateful
2356,bother spic,hateful
2362,ice arrest undocumented immigrant forward undocumented child,hateful
2371,retard honor,hateful
2374,retard people stupid kill drop collecu,hateful
2379,die retard,hateful
2387,hate jewish people shithole country muslim isu,hateful
2390,delete post term ucragheadud uctowel headud uccamel fuckerudu,hateful
2392,svenskeren fuck retard level xin level viktor tower level becausu,hateful
2393,tbf canut bad sing pub bunch mongy walliansu,hateful
2396,dude shut fuck fuck year fat suit disrespectful cunt reasu,hateful
2397,nope mongoloid solitary,hateful
2406,absolute cunt fuck point shoot target range fuck,hateful
2419,senator ching chong dumb question nexted,hateful
2422,note dyke dumb thick,hateful
2426,fuck retard lmao,hateful
2427,country beaner,normal
2435,reminder donegal big shithole country,hateful
2438,terrorist week wing white restaurant whine leftist,hateful
2439,brother law horrendous toh told tight twat,hateful
2441,fuck bad cheeesus righteous cunt,hateful
2451,dumb dumb hooe dumb eat shit racist twat,hateful
2453,talk blessing negro block,hateful
2461,damn shawty nigger suspend lmao,hateful
2464,expect left hypocritical feminazi twit professional asap,hateful
2465,death refugee happen clos,hateful
2468,aid test thompson wife dude faggot garrison southpark,hateful
2470,holy crap ching chong font,hateful
2471,hear nice immigrant sayin,hateful
2472,time teach abstract language learn favorite ching chong boy,hateful
2473,black person people spic andor wetback,hateful
2480,timing complete cunt moan,hateful
2484,peternmichelle shut fuck faggot loser musty bitch die hole,hateful
2485,ching chong eat dog,hateful
2487,stay shithole country stand mess politician built,hateful
2488,stayed relate feminazi idiot enjoy living free country,hateful
2496,ching chong ploy asian market,hateful
2499,immigrant picked ice fake court,hateful
2511,country city hill shithole,hateful
2521,goddamn whore christ goddamn cunt christ goddamn whore christ goddamn cunt christ jesusu,hateful
2523,shitholeud country people donu,hateful
2543,swear forgot halloween weekend ium car dress retard blew shit completely,hateful
2544,record ium argue antifa leftist defense movement spoken,hateful
2551,soros paid feminazi woman butch attorney liar,hateful
2558,arrest connection suspicious package immigrant left,hateful
2561,clean gon rot bring disease,hateful
2562,nigger stir rouble confess love random jezebel,hateful
2564,ium homosexual blind retard pathetu,hateful
2569,build movement idea hate muslim people shithole country,hateful
2581,aye hate nigga salute breathe nigga retard,hateful
2583,literally video fuck retard close laugh,hateful
2586,historic shithole country sign law book sneedle wau,hateful
2590,type slow retard,hateful
2611,calm retard eat sandwich deal,hateful
2616,grandmother room spic span throw monkey,hateful
2631,face corrupt lier lock charge traitor usa rope hussein raghead,hateful
2632,ching chong ching chong,hateful
2639,congress represent illegal immigrant swho fight invasion,hateful
2642,left marxist terrorist illegal alien reduce tax burden bad trade deal exce,hateful
2644,fuck absolute mongy virgin shot,hateful
2653,hun good computer ignore twat,hateful
2658,twat bitch shit fuck fuck,hateful
2662,racist race ching chong,hateful
2663,deny retard itus case tweeu,hateful
2669,armo spic lmao fuck,hateful
2674,blind retard loser,hateful
2690,friend epic join stupid cunt fuck problem shit cunt,hateful
2693,mature sad retard learn day bos ahaha,hateful
2703,morning potato potato ching chong tomato,hateful
2704,country day,normal
2708,remember xbox live spic spoke wasu,hateful
2710,hey nigger lover,hateful
2711,faggot pedo fuck,hateful
2712,ching chong,hateful
2720,low ghanese enjoy shithole country built genius,hateful
2721,faggot redneck sing age paranoia,hateful
2722,leftist terrorist data scientist,hateful
2723,spit dyke donut beat bitch,hateful
2728,kimbrel doe retard arm thing half robot pose pop lockin contest,hateful
2730,fuck cunt,hateful
2735,shithole country rapist murderer goodu,hateful
2754,devos hinders shithole country,hateful
2757,nah fuck ching chong phone,hateful
2758,sample huffpo vox feminazi commenters claim hold door,hateful
2763,spic stic,hateful
2768,dumb ium connor fuck retard,hateful
2769,wing terrorist attack outpace leftist islamic terrorist attack riu,hateful
2770,brother house key ching chong yell bad,hateful
2800,assume nonce retard harsh,hateful
2803,baby potus mongoloid,hateful
2815,cancel schedule testimony lie feminazi,hateful
2817,maga asshole turn shithole countryuddude,hateful
2825,drats feminazi abortion devil troll carload cash despicable,hateful
2832,migrant bring disease death properly vet,hateful
2836,gay faggot,hateful
2839,hobi spic,hateful
2842,foreigner bring disease border time,hateful
2852,video grandpa fat gay fuck gay grandpa negro gay masturbation peperoni gay fetish pic,hateful
2854,dodger manager absolute retard,hateful
2858,definition shithole country,hateful
2880,enter illegal alien model create bay area politician repl,hateful
2891,defeat vile leftie pussy hat feminazi manhating bitter bitch brigade god,hateful
2899,sluttyjock write share teamviewer password faggot haha pru,hateful
2902,happy bday gay faggot,hateful
2909,stuck whiny incel cunt tear jerking quit macho hero,hateful
2910,serve today faggot findom,hateful
2921,love mindset label people bloke hat feminazis,hateful
2942,lmao ching chong culture,hateful
2945,liver dysfunction yellownlike chinaman yellow,hateful
2946,thought ching chong eye prove wrong,hateful
2960,lynch wait lynch deep state feminazi conspiracy,hateful
2962,cut rush limbaughus supply moral retard period,hateful
2968,hey spic kinkdom big fact send puppet talk smacknnur server isu,hateful
2969,twt lgbt people seek asylum told country pretend,hateful
2972,story overhyped bullshit donut care raghead reporteu,hateful
2973,ggs talk shit lose retard,hateful
2978,fuck feminazis outrage bring,hateful
2987,fuck raghead britishnnsadiq khan claim trustinu,hateful
2990,fallait pad arriver retard,hateful
2991,uni faggot,hateful
2995,mongy commentator bitter pontus minute winner year ago,hateful
2997,killer jew leftist force organize migrant caravan nationalist foru,hateful
2998,meeting spider dyke today,normal
3000,report illegal immigrant cross boarder question veracity,normal
3004,price guaranteed account feminazi,hateful
3009,actively enjoy dim witted mongoloid,hateful
3014,shithole country good,hateful
3016,itus shitholecountry leavennoh yeahbecause itus shithole country overran byu,hateful
3017,shithole ignorant people aru,hateful
3022,itus tea retard,hateful
3026,awe itus retard,hateful
3029,celebrate curry gon smash gay mongoloid fuck,hateful
3030,spic span,hateful
3033,open mongol,hateful
3041,dirty raghead,hateful
3044,save dollar build wall protect rape killer illegal alien,hateful
3057,play excuse retard stupid people feel comfortable nah treat,hateful
3069,spic picture,hateful
3073,shame absolute faggot,hateful
3077,lefty twat,hateful
3081,bloody retard,hateful
3085,legit retard theyull dirt pile,hateful
3093,deaf blind retard,hateful
3099,fuck faggot nigga,hateful
3102,god bless illegal alien,hateful
3103,friend gay retard time ium piece shit,hateful
3104,hill twat,hateful
3107,illegal alien illegally vote dem voter fraud machine doe count,hateful
3112,company tax dollar build app illegal alien evade authority,hateful
3120,bit belly argue fat cunt,hateful
3124,fun fact life spic wetback told dou,hateful
3126,group absolutely sense origin shithole cou,hateful
3136,fuck twat,hateful
3138,horrible cunt,hateful
3141,time raghead muslim extremist,hateful
3145,knuckle dirty nigger,hateful
3148,nigga told retard,hateful
3154,foto gaya ngewe negro homo sex video,hateful
3157,fun fact chink ching chong grade barely asian white town,hateful
3160,socially retard,hateful
3164,baby spic,hateful
3177,rocket league ball hungry retard,hateful
3178,follow spic,hateful
3192,itus offensive thing gay enjoy faggot mash gravy,hateful
3193,nigga thought dyke profile,hateful
3194,personally sick billion thrown refugee secure borde,hateful
3198,expect mongol scum,hateful
3203,people openly racistly mocked bts ching chong music preach bullying,hateful
3211,pol busy building suspicious device,normal
3213,trap faggot,hateful
3217,disruptive thing bitcoin retard shit bitcoin talk,hateful
3220,bar stupid spic,hateful
3222,fuck retard mental evaluation obsessively hateful,hateful
3230,mom aid infest faggot,hateful
3240,play comp game actual bun cunt bang riot shield fuck,hateful
3247,people insane nut shithole country nuked,hateful
3249,retweet fuck mongoloid,hateful
3250,shitholec ountries rule day,hateful
3264,hurry vote cunt,hateful
3266,debate people gvt answer bring immigrant beggar belief,hateful
3269,retard jeez,hateful
3270,donut generally term retard word ifu,hateful
3281,ahead fuck spic break truck,hateful
3284,majority white sheesh grip white gay,hateful
3287,kill cunt,hateful
3291,republican control congress vote gun control forward insufferable cunt,hateful
3292,set grill faggot,hateful
3293,war doe equal terrorism fuck mongoloid,hateful
3296,defense fuck retard,hateful
3310,retard motherfucker hope dumb dude play,hateful
3312,faggot knock,hateful
3319,whey hey boring trout pout cunt block truth aboutu,hateful
3324,worry shithole country quesadilla,hateful
3328,disgust usual itus male age fight shithole country shit hole,hateful
3336,nigger happy birthday hope enjoy day great thabo,hateful
3337,person itus awful wetback spic ugh,hateful
3339,white people retard confirm,hateful
3356,building wall time concrete mongol,hateful
3363,retard work putin,hateful
3369,cut funding illegal immigrant anchor baby,hateful
3371,iuve monster squad minute iuve heard faggot christ,hateful
3372,ooga booga chinaman,hateful
3380,passport plane shithole country,hateful
3381,learn shithole country language unpopular teacher becu,hateful
3382,heus twat,hateful
3383,fuck dumbass mongoloid asshole breath doesnut pay tax bag nno,hateful
3389,venmo wolffis suck dick faggot birdsstone,hateful
3397,shaw faggot,hateful
3398,globalistsndrug dealer criminal rapist animal shithole countriesnamerica firstnvery fineu,hateful
3399,cunt cunt write office,hateful
3402,mongol horde hide woman childrennnoh waityou huu,hateful
3406,truth told youure gate manus level stay twat,hateful
3407,ching chong high save,hateful
3410,buh faggot boomer music racial boundary epic,hateful
3413,rest country couldnut fuck shithole,hateful
3414,kavvanaughs accuser arrest alongside illegal alien mexi,hateful
3415,uca foreign cunt cunt speak street spoke parliament neu,hateful
3428,amaze ching chong ebingo faster,hateful
3433,retard stay wall bruh,hateful
3434,antic mongoloid,hateful
3435,lolgot negro outta,hateful
3437,big spic energy,hateful
3446,speak espanol raghead,hateful
3450,drunk feel retard,hateful
3457,literally faggot,hateful
3461,invade brown people shithole country liberal angry mob democrat,hateful
3466,ching chong math wtf hear,hateful
3467,marko cunt,hateful
3472,horse race faggot,hateful
3477,blind twat roof chest leg,hateful
3480,faggot hoe,hateful
3481,fuck hear brave face hiding phone faggot,hateful
3483,ugly fuck cunt heard shit twat,hateful
3507,screech high pitch ching chong chong,hateful
3509,guess retard,hateful
3512,ucyoah tellin blind fackin chinaman itus federal case dodgahs gawt fackinu,hateful
3518,nigger moooves,hateful
3520,white people word nigger time,hateful
3524,touch scarf smith twat,hateful
3527,woman cunt drive mum car ium shake rage cunt,hateful
3537,raghead,hateful
3538,youull lose teeth today cunt uddude address uaudcudffbuddudca uddude,hateful
3551,violence mad year ago shithole country mind fleeiu,hateful
3555,appeal red scare host retard bad people internet mad constantly,hateful
3565,nut meeting nonce mongy,hateful
3566,night spent bed cunt earth unreal stuff,hateful
3571,swear nigga retard bruh,hateful
3575,whoop remake faggot whis,hateful
3580,msnbc fuckin retard state woman discard umbrella fucu,hateful
3583,yearsnwas dream live country retard ignorant inbred monkey dontu,hateful
3584,listen thy light care retard opinion,hateful
3598,literally mudslinging retard,hateful
3603,extraordinary black teen year ago retard face touch mou,hateful
3605,weepy woopy deepy doopy bing ching chong wicky wacky tow asian speak ching chong language,hateful
3616,faggot shit dat,hateful
3621,hater feminazi,hateful
3622,ching chong group,hateful
3624,galactic faggot,hateful
3627,cheat cunt,hateful
3636,odonnell ching chong pong wing wong cool friend cool,hateful
3642,shut fuck stupid bitch retard,hateful
3647,thankful live europe demonstration country,normal
3650,caravan people shithole country refugee wave theu,hateful
3651,hate club twat,hateful
3653,protect child sexual harassment abuse feminazi,hateful
3656,rat retard,hateful
3658,dumb fight negro,hateful
3662,inslee reptile faggot,hateful
3670,bite nigger,hateful
3678,bro beep boops cunt oil robot fag,hateful
3684,rise body pillow exchangenngo fuckin faggot,hateful
3685,feminazis fight law exist book change,hateful
3688,anon faggot greentext,hateful
3701,mom bought faggot,hateful
3704,locs bad feel big dyke,hateful
3706,swear class vandy black people nigger,hateful
3707,yep write wall people shithole country shithole attitude policiu,hateful
3708,asian ching chong eye,hateful
3711,shut nigger,hateful
3717,welp scouter twat report deactivate vote red protecters illegal alien,hateful
3718,nung chant namin huhu ucin beningging assert dominance ching chong boundariesud,hateful
3723,spic gon lie,hateful
3731,kana ole nigger,hateful
3737,quote white mad,hateful
3738,person eccojam opn toto venue play toto,hateful
3739,fox immigrant card member evil hombre,hateful
3743,single comment faggot faggot lot time spent worry anal,hateful
3744,ium complicate twat hate,hateful
3750,faggot letter flop,hateful
3761,elitist bet immigrant sell drug,hateful
3764,fast ago reply negro moment arrive,hateful
3770,reply realize mentally retard people arennthis depends situation,hateful
3773,basic human people shithole country flood,hateful
3783,mom spic nigga love problematic afrolatinx,hateful
3793,white people learn english country difference,normal
3795,white chocolate chip,hateful
3796,lecture acute body type skull shape mongoloid shut bro,hateful
3797,fuck stupid brat village drive twat dangerously pull parking,hateful
3800,race social construct leftist anti white attack white people white,hateful
3801,amen feminazi maneaters evil curse,hateful
3814,nowthe people shithole muslim country problem fine people ofu,hateful
3815,palestinian terrorist leftist liberal terrorist,hateful
3825,fuck horrible cunt,hateful
3826,feminist worth nut nigga feminazi girlfriend close euthanasia,hateful
3832,pick fuck jaw floor cunt uddude,hateful
3833,breathesn faggot tingz,hateful
3837,spell whelp welp mongoloid,hateful
3845,clear thinknnhed chinaman reason,hateful
3846,homo order chilli chicken wrap costa gay faggot,hateful
3849,faggot bitch,hateful
3851,youure muslim shithole countrynntrumpian hypocrisy unparalleled bouu,hateful
3853,fuck nigger,hateful
3882,bro early delivery fat sweaty ball bos stinky stink face faggot,hateful
3885,ium easy toy eat retard canut reply lmao,hateful
3891,inuacels npc retard meme,hateful
3894,shut fat sweaty mongoloid high southpark,hateful
3897,fact bio read shithole country small theu,hateful
3904,model ngo group private individual sponsor refugee federal intake,normal
3906,lmaoooooo love ppls excuse ucthe rep vagueud god literally cod mongol,hateful
3915,lanez garbage faggot,hateful
3924,dad ching chon wong wong ching chong chong,hateful
3928,chink gook chinaman ching chong,hateful
3929,illegal alien undocumented immigrant,hateful
3932,turn shithole country caravan,hateful
3935,ahaha type fat retard ban cya,hateful
3938,nigger meme,hateful
3941,worry europe communist country immigrant,normal
3942,literally asian representation ching chong cho demonise baby bitch,hateful
3944,twat twat twat twat twatu,hateful
3946,gillebrand whack job feminazi hawaii,hateful
3951,retard daddy butter potato butter retard,hateful
3959,retard block,hateful
3965,disease ridden illiterate pig turn shithole countriesu,hateful
3971,struggle feel elect retard lead countrynnfor sensitiveu,hateful
3977,twat shot sleep lion,hateful
3990,gee criticism arm guard church talk shithole country muricau,hateful
4015,mega faggot,hateful
4019,ainut fat retard,hateful
4027,fuck mormon polygamist artist worshipper retard unironically muslim tier,hateful
4033,head condemn charlottesville shithole country born inu,hateful
4037,donut turn country shithole theyu,hateful
4038,iud feige faggot face thought,hateful
4044,shit retard,hateful
4052,jansen retard doc stupidity strike,hateful
4053,heus faggot,hateful
4054,canelo bounce big mongoloid,hateful
4055,fuckin gim scouse fuck todayuddudcdwagner lick flopps assnatzi bunch wanker mongy,hateful
4066,strictly mongol,hateful
4067,disgrace trash shithole country,hateful
4082,ban terf retard,hateful
4085,apology retard,hateful
4089,quit dumb fuck question salesnnif basic fuck retardu,hateful
4094,alrighty fine iull argue youure argue hey listen shitface youure retard doesnut knowu,hateful
4097,rap lil ching chong tbh,hateful
4108,letus kid nonwhite country itus shithole vote,hateful
4113,fuck hope chink rap fuck faggot wonut exist year uchinku,hateful
4120,shut fuck retard,hateful
4123,imagine race god place constantly collectively retard,hateful
4127,pompous arrogant twat country,hateful
4128,shithole shithole country question toouudeudd,hateful
4135,vote retard lead country,hateful
4139,nigger faggot,hateful
4142,neophyte nigger nonsupervisory rove,hateful
4145,stfu weakchinned turtlefaced hypocritical skunk twat,hateful
4146,bite pillow demand recount hypocritical twat loses seat geu,hateful
4148,runaway spic ohhh sorrry,hateful
4150,master knee tributenmaster khaled cock worship slave cuck faggotu,hateful
4151,father dinosaur mother raise ungrateful faggot,hateful
4152,heus cunt,hateful
4154,violence spread ideology fuck retard lose argument hau,hateful
4155,word ucretardud form great lose huge respect,hateful
4161,treat kavanaugh treat illegal alien,hateful
4163,traditional business united state create shithole country,hateful
4169,timeout mongoloid rivera,hateful
4177,immigrant warn halloween global early reme,hateful
4180,shithole country disgust horrible event synagogue,hateful
4181,maddenbishop big faggot,hateful
4184,retard pretend,hateful
4189,wait ching chong,hateful
4193,masterclass good performance thing wouldve topped ddting fuck mongy,hateful
4200,mfus smoking retard pack,hateful
4223,coincidentally time caravan love shithole country pretty itus unrelated uddude,hateful
4224,rebuild shithole country garvey told tonnrepatriate,hateful
4227,block retard report account hateful,hateful
4237,shithole country brought slum work deportedu,hateful
4243,win fuck mongoloid learn read understand rule stupid fuck scumbag,hateful
4260,lmaooo cunt,hateful
4266,flacco sound fuck mongoloid snap count,hateful
4267,fuck hate lanky cunt,hateful
4286,trans male mongoloid woman event,hateful
4289,fuck retard video,hateful
4291,fast tomorrow day fat cunt,hateful
4292,hardest cunt,hateful
4297,boy boy feminazi mother beat toxic masculinity,hateful
4304,speak ching chong bing,hateful
4307,fun iuve twat start ignore,hateful
4308,representative tremendous courage grit someday recognize shithole country,hateful
4310,api bertdey mongoloid enjoy day gbu,hateful
4311,remember iconic nigger,hateful
4318,ucbitchud uccuntud talk,hateful
4322,lmfao cunt,hateful
4323,fukem retard,hateful
4324,illegal immigrant destroy saddest thing,hateful
4328,illegal alien mobile phone,hateful
4336,canut jam spic music ion,hateful
4344,ucthis good manchester utdud fume hairy hand mongy burk,hateful
4346,wow shithole country gather walk thouu,hateful
4349,hey nigger shit fuckibg bitch fuck democratic libtard nigger lover,hateful
4350,comfortable gon retard,hateful
4352,mongoloid version dolph,hateful
4357,hey offense itus fuck shabbat itus double gun zone fuck twat,hateful
4358,worry bullshit godforsaken shithole country leave cau,hateful
4364,bought chocolate negro ate,hateful
4370,rondo retard,hateful
4371,canut travel shithole fuck country week,hateful
4373,record cunt fell asleep weekendssmh,hateful
4376,fact boyfriend cunt mate youure big cunt,hateful
4379,feed twat lion,hateful
4385,fell love girl faggot uddude,hateful
4390,theyure fuckin retard leader,hateful
4393,whous cleamson retard,hateful
4399,donate fiver hat cunt standuptocancer,hateful
4400,accept integration illegal alien community,hateful
4403,tyronn retard,hateful
4405,public dinosaur private dinosaur faggot,hateful
4406,senseless unthoughtful cunt father husband die care aboutu,hateful
4413,leave faggot,hateful
4420,retard nihilist,hateful
4423,donut wrong good music retard money,hateful
4425,compare mongol nation compare nation kuru,hateful
4442,complete twat today didnut,hateful
4449,ucchinamanud,hateful
4453,leftist send gifs movie reference twat shrug shoulder dontu,hateful
4455,stupid twat canut invasion countryu,hateful
4457,answer question spic,hateful
4465,woke nigger,hateful
4467,white supremacist white innocent statement white people,hateful
4470,delete feature retard delete payed,hateful
4473,nvm donut respond youure half retard,hateful
4477,faggot dude stand people,hateful
4480,remember retard,hateful
4483,migrant,normal
4486,ium member retard gang,hateful
4489,absolutely belong originate raghead arab nation,hateful
4490,real woman feminazis demean men fun,hateful
4493,care feminazi screw trail discontent,hateful
4496,patronise faggot smoke weed,hateful
4506,shit country great wave flag shithole leave alu,hateful
4513,half asib gaga retard beyonce win globe nominate oscar gaga remainsu,hateful
4515,shut ching chong cotton,hateful
4516,foh mongoloid bitch,hateful
4518,twat attention obvious clout,hateful
4519,mention stinky dyke,hateful
4521,open eye absolute mongoloid redsox,hateful
4530,retard expose,hateful
4538,laugh retard,hateful
4541,fuck pompous cunt portilo theu,hateful
4558,cunt fuck hate,hateful
4559,listens stuff kpop ching chong music,hateful
4560,year told rape family fuck nigger spic bitchud killu,hateful
4563,terrorist leftist,hateful
4577,denies youure fuck retard dude ahead kill,hateful
4582,quit steal punchline faggot,hateful
4584,yup flee shithole country rule evil people nope evil,hateful
4589,hatnen chinaman lukaine wit kick flava pimp shit,hateful
4590,anytime fag faggot casually grade people lmao,hateful
4591,banishment send people place shithole country meu,hateful
4596,wouldve quit watch nigger felon league year ago,hateful
4612,andme ancestor travel oceangoing caravan shithole country authoritarian leader,hateful
4614,boy faggot,hateful
4618,include itus basic good grammar retard,hateful
4620,people vote twat,hateful
4627,representative tax cut tremendous courage grit someday recognize shithole country,hateful
4628,country,normal
4629,mongoloid scammer lmfao,hateful
4635,thought people mentally retard insane,hateful
4641,progressive neomarxist radical leftist open border massmigratiou,normal
4644,threw flag nigger fuck face,hateful
4668,ching chong literally abuser,hateful
4671,donut word retard employer,hateful
4676,nyc shithole country god destroyed wheat build shameless,hateful
4678,itus dodger fuck retard,hateful
4684,word nigger treat bad word,hateful
4686,raghead problem england terrorist attack,hateful
4693,illegal alien undocumented immigrant righton kweenannalise htgawm,hateful
4694,cunt ban,hateful
4709,country live job,hateful
4713,fox news hard uncle toming house negro force dumb smh byefelicia,hateful
4723,canut honestly asshole shithole country andu,hateful
4730,retard uddude,hateful
4731,magabomber notnmexicannblacknasylum seekernmuslimncitizen shithole countryncitizen terrorist countryu,hateful
4734,hate cunt,hateful
4737,straightup rancid cunt,hateful
4744,script feminazi,hateful
4764,uda bossu fuck cunt relevanu,hateful
4771,people retard ordy,hateful
4775,bitch straight slow bought multiple bottle faggot malibu drink choice whou,hateful
4778,complete cunt,hateful
4779,immigrant illegal alien,hateful
4786,tot godwin hilarious mongoloid,hateful
4793,retard lmao,hateful
4794,practice door step retard deserve mental asylum,hateful
4796,ching chong music uddudedudduded,hateful
4799,fuck nigger asshole hotrodnigga,hateful
4804,nigger dumb bitch dumb bitch,hateful
4811,nigger phone,hateful
4813,live shithole country buy cool tshirts,hateful
4824,hisoka faggot shit hand real,hateful
4836,free retard question,hateful
4839,fuck law average joennbut fuck loophole silver spoon faggot inu,hateful
4862,denola grey faggot,hateful
4868,nigga retard,hateful
4870,live retard,hateful
4877,heus fuck funny subpar iud listen plunger toilet bland twat,hateful
4878,newsom illegal alien free healthcare,hateful
4879,manchester uniteds captain chinaman,hateful
4884,mouth itus retard aid,hateful
4891,lukewarm negro,hateful
4904,encounter word ching chong massieren coz bunch asian,hateful
4913,civilization friendly accept shithole country genocided,hateful
4914,mind negro open mind screen door,hateful
4915,nigger house,hateful
4924,wait racist shut nigger,hateful
4926,suck dick gundy mullet faggot bitch,hateful
4928,youure faggot doe,hateful
4935,listen bigheaded headass lookin lil fuckin cuckass libtard piece shit eat mongoloid troglodyte bitch,hateful
4952,mongoloid drill press auto searnntheu,hateful
4955,canut buy class club dick head fan twat list havesomerespect,hateful
4964,talk abt hair negro,hateful
4973,easy solution send illegal alien hironos house,hateful
4978,donut shit rvn class mongoloid fuck,hateful
4979,weure ching chong brother,hateful
4981,insert nigger meme,hateful
4985,thieve twat stole phone phone year ago cantu,hateful
4987,recommend involve shithole country war bring troop fru,hateful
4990,retard dad daughter frame prosecutor child accidentally kill cold winteru,hateful
4992,twat waste time good work ethic job supervisor wtf,hateful
4993,shameless hey fucken retard donut remember happen pathetic fuck nnme,hateful
4997,illegal alien,hateful
4999,head lil nigger,hateful
5008,nonresponse lmao retard talk hypocritical,hateful
5011,good job tho honestly youure retard friend terrible play,hateful
5013,canut thanksgiving dinner worry someoneus gon niggerchinkspic accidentu,hateful
5014,mind negro,hateful
5015,hahahahaha match maker learn sentence retard bitch scaru,hateful
5029,faggot wife happy birthday,hateful
5033,conveniently forget ucshitholeud country bad hombresud jekyl anu,hateful
5036,shut fuck faggot,hateful
5040,watch spic school,hateful
5041,youn lead chant lock upn demonize refugee shithole countriesn mock theu,hateful
5045,nation shithole country people starve death problem solve,hateful
5046,nahhh retard,hateful
5051,whip faggot,hateful
5052,massive fuck faggot erenhow fellow squidcunts,hateful
5054,reply text nigger,hateful
5059,ching chong cafe yesterday,hateful
5065,spic yuallthe time heard umm speak somu,hateful
5071,donut mongol horde,hateful
5072,predict joke good material fuck mongoloid,hateful
5077,canut itus daddyus fault twat living land sick fucktrumps,hateful
5084,nahhhh retard hahah,hateful
5085,faggot earlier,hateful
5088,white friend wetback spic crazy hope heard thatcause gon trooouuuble drake voice,hateful
5089,admits faggot agree,hateful
5098,lmfao nigger,hateful
5104,gon track fucker defuse isi member round twat,hateful
5111,lose mongoloid playstyles smh gon trash today,hateful
5118,random spic spends time pol,hateful
5123,thought realy badass mongol style declaration war attacker capture citizen defendu,hateful
5125,retard haha,hateful
5136,holy shit faggot lmao,hateful
5138,country honesttogod shithole fuck irrelevant foreigner leader murder capital,hateful
5140,nun word negro,hateful
5143,pruitt retard aight,hateful
5151,thereus simple answer thisnn deport cuntnn reduce aid payment,hateful
5157,cunt whatus dress asnmehard cunt hard cuntncunt good costume nmebatters cunt,hateful
5158,blah blah ching chong eat dog,hateful
5160,iuve ium glad spic dead,hateful
5163,fact ching chong doesnut hurt,hateful
5169,negra novinha cavalgando negro pauzudo,hateful
5171,begs questionwhat year shithole countu,hateful
5173,starve faggot starve faggot dad thought fam play game uddude sonu,hateful
5175,good morning ching chong,hateful
5179,mongoloid,hateful
5182,country country country,normal
5188,hanson white thing garbage genocide iceberg,normal
5190,fuck talk fat eyed fuck retard,hateful
5198,retard gon cheese touch,hateful
5200,hate nigga ium entertain conversation dyke fuck goofy nigga,hateful
5206,god freespeechfree shithole country europe whyu,hateful
5224,shutup nigger,hateful
5225,cracker weight nigger spick wetback chiu,hateful
5228,alright tbf attract mongy element gig,hateful
5237,envelope ching chong,hateful
5260,sez retard beehive size apartment,hateful
5264,leave shithole country turn europe continent shithole countriesngo,hateful
5276,nigera fucker nigger pooper,hateful
5283,faggot pay underwear message,hateful
5285,sentence mongol,hateful
5296,smh woman retard,hateful
5297,lmao twitch abandon faggot,hateful
5301,uhhh stupid faggot goblin slayer sense uddudcaf,hateful
5303,faggot bus driver drive mph wtf,hateful
5313,people massacre shoot future rid retard cultfollou,hateful
5315,eat fat dick figure jump mention faggot butt hurt lose,hateful
5316,ucl worry thing hazijafika ati ooh wash veteran ooh ching chong fucken,hateful
5321,sound faggot,hateful
5322,twat mate white hoisr,hateful
5326,retard sat start play eminems album,hateful
5331,whous pay raghead idiotic statement natural breastfeeding animau,hateful
5343,cho pick slight variation ching chong,hateful
5345,itus proven hit woman talent iggy azeala rap mongoloid,hateful
5347,nigger chip ruin,hateful
5352,elephant eat pound day retard ohhh,hateful
5361,twat change mindnnand stay fuck,hateful
5366,automatic car total fuck mongoloid thechase,hateful
5367,bby faggot black ball,hateful
5370,sooooo impressed chimp broadspeak uneducated low info mongoloiu,hateful
5375,leftist read social medium post hat refugee immiu,hateful
5382,thatus mom buy headphone fuck animal kill faggot,hateful
5392,share wealth history wealthy piss bring disease destruction,normal
5400,usa shithole country illegal uncontrolled immigration distant futuru,hateful
5402,bet cunt night banging fluteudeuddudeudd,hateful
5406,bypassing country shitholeu,hateful
5408,link send retard partner retard,hateful
5409,dem dumb nigger join party actively exterminate,hateful
5413,dumb negro,hateful
5414,spic work hope jaw heals tomorrow,hateful
5416,black people conservative retard politics change tou,hateful
5426,clip fully load wtf faggot,hateful
5433,stupid speccy retard free dub,hateful
5448,rondo retard lmao kill,hateful
5451,fuck literal retard,hateful
5457,poor turn shithole country eurofruits donut,hateful
5458,daughter jew simplistic retard,hateful
5459,yuall hoe dumb stupid retard kno,hateful
5466,rowling twat imo,hateful
5469,feel saebom baby ium faggot,hateful
5472,game till itus faggot,hateful
5479,cunt uddude,hateful
5484,work negro,hateful
5495,hoddle rush hospital collapse nnwheres god cunt lifeu,hateful
5498,life retard,hateful
5499,despicable zionazi bastard nnbds freepalestine freegaza idfcowards satanyahu zionist,hateful
5503,undoubtedly centre half premier league history big cunt premier league history alsu,hateful
5504,anti pilgrim screw tshirt lambasts tax money immigrant guyyoure,hateful
5507,broi love nigger,hateful
5513,beauty living shithole country live post office broken device delu,hateful
5514,bout spic brb,hateful
5516,nigger vote,hateful
5527,prick head cunt interviewed,hateful
5537,webcam weeb gamen retard starter pack,hateful
5538,lookin mongoloid bot,hateful
5543,antisemitism betokens retard culturen engels,hateful
5550,faggot walk,hateful
5555,gate president retard,hateful
5556,president liar hate fun raghead suck big time,hateful
5562,lobby childhood uddudeniuve wetback spic time,hateful
5570,lemotdujour retard,hateful
5573,people insult asian ching chong ching chong forever burning hatred,hateful
5579,country disgraceful start campaign honest uptill,normal
5582,faggot love tryna cure depression stay tamagochi haha kawaii sudoku uuduucuudu uufu,hateful
5588,shake hand retard ufcmoncton,hateful
5590,longer united state trumpistan shithole country nov woman andu,hateful
5594,thereus word disrespect jensen play retard,hateful
5596,kpppies field nigger,hateful
5598,lmao retard walk inside,hateful
5599,donut count californian pretty retard,hateful
5601,lmfaooo fuckin whata retard,hateful
5606,racist notice nagger spic push drug itsu,hateful
5609,nigger nigger aniger,hateful
5618,news country shithole,hateful
5620,speak ching chong,hateful
5623,extremelylooking neighbor braaing country,normal
5624,aryan nation lose organization retard,hateful
5632,reason people ethnic slur reason people faggot bad people offensu,hateful
5642,lie shithole country doesntu,hateful
5644,fuck twat damage heal biotic energy guu,hateful
